epoch,train_loss,val_loss,val_macro_f1,val_top1,val_balanced_acc,val_ece,val_f1_chinee,val_f1_snake,lr_end,train_time_s,eval_time_s
1,0.7921239143101181,0.3645630180835724,0.8377978532379653,0.8723221936589546,0.8347449753702588,0.015304157820574683,0.7479674796747966,0.805491990846682,0.0001,48.45296096801758,5.917600631713867
2,0.33616025850358533,0.21517615020275116,0.9104316983220423,0.9305912596401028,0.909185540599452,0.012549370322967057,0.8530805687203792,0.8074534161490684,9.797464868072488e-05,48.031166553497314,5.904025316238403
3,0.23389232828758838,0.17391973733901978,0.9297256352132219,0.9431590974007427,0.9375216203987351,0.012941806946642494,0.8995433789954338,0.8849104859335039,9.206267664155907e-05,47.92251777648926,5.897372007369995
4,0.2018931091013478,0.14046397805213928,0.9433357001046981,0.9571550985432733,0.9476701226241957,0.006349326150480671,0.9107142857142856,0.8940092165898617,8.274303669726426e-05,47.81367897987366,5.9003753662109375
5,0.17368572207576619,0.1437021642923355,0.9438180104566017,0.9568694658668951,0.9335753175443564,0.012142922223823047,0.891566265060241,0.91,7.077075065009433e-05,47.65491724014282,5.911670207977295
6,0.1289932197073429,0.11205224692821503,0.9559590916313536,0.9680091402456441,0.954798723209505,0.008353703764635212,0.8856447688564477,0.8944954128440368,5.7115741913664264e-05,47.68997502326965,5.8979480266571045
7,0.10365376172859858,0.1442253440618515,0.9464870311596408,0.9571550985432733,0.9564093151984293,0.013909481885057917,0.9212962962962964,0.8287526427061311,4.288425808633575e-05,47.455023765563965,5.8880510330200195
8,0.08575047367456846,0.1327933967113495,0.9513323861040672,0.961439588688946,0.9573664455283555,0.013403595302555095,0.9018691588785047,0.9172932330827067,2.9229249349905684e-05,47.41421318054199,5.925416469573975
9,0.06842265206548136,0.0997234508395195,0.9651603817429572,0.9737217937732077,0.9661831453671963,0.010467928406239458,0.9384965831435079,0.9326683291770573,1.725696330273575e-05,47.26125526428223,5.895070314407349
10,0.058191912793895094,0.09254802018404007,0.96694735178852,0.9751499571550986,0.9716349865066238,0.008426895740201735,0.9430523917995445,0.9388753056234719,7.937323358440935e-06,47.17037582397461,5.917573928833008
11,0.04578064853416347,0.0838078036904335,0.9694439990473092,0.9771493858897458,0.9706937144352863,0.009124422134654381,0.9497716894977168,0.943765281173594,2.0253513192751373e-06,47.14220118522644,5.897573947906494
12,0.04303895005183976,0.0847548246383667,0.96973805271851,0.9771493858897458,0.9716379920826648,0.008750570932138805,0.9454545454545454,0.943765281173594,0.0,47.09062886238098,5.897703647613525
