label,gpu,dtype,batch,img_size,fused_bn,preprocessing,p50,p95,p99,mean,n,warmup,images_per_s,torch,k_views,k_times_single_p50
I00_1view,Tesla T4,amp,1,224,False,không tính,7.394221500078402,7.8772177999553605,8.287283589968414,7.490175709998539,100,10,135.2407417047754,2.11.0+cu128,,
I08_fp32,Tesla T4,fp32,1,224,False,không tính,5.499267000004693,8.30402540006503,8.382478430085033,6.23010719000149,100,10,181.8424164528012,2.11.0+cu128,,
I00_1view b32,Tesla T4,amp,32,224,False,không tính,49.14282949994231,50.46904659989764,50.83552923999605,49.18524592999347,100,10,651.1631569777146,2.11.0+cu128,,
I08_fp32 b32,Tesla T4,fp32,32,224,False,không tính,132.07891949997475,134.54493029991568,135.54764704997865,132.0342128700088,100,10,242.2793896342112,2.11.0+cu128,,
I01_hflip,Tesla T4,amp,1,224,False,không tính,7.340526500001943,8.977288149952756,9.010085220106705,7.6512991999982205,100,10,136.23001020427287,2.11.0+cu128,2.0,14.888974000086819
I02_5crop,Tesla T4,amp,1,224,False,không tính,10.163534500009064,12.221545800025524,12.231298649976452,10.461803920001103,100,10,98.39096822066263,2.11.0+cu128,5.0,37.338262499986286
I08_fp16,Tesla T4,fp16,1,224,False,không tính,5.313203999946836,5.630358999997042,6.018039149960261,5.370166740000286,100,10,188.21035292640863,2.11.0+cu128,,
I08_fp16 b32,Tesla T4,fp16,32,224,False,không tính,39.6323234999727,40.02757099997325,40.20464919004553,39.61060561999716,100,10,807.4217500778636,2.11.0+cu128,,
I04_res256,Tesla T4,amp,1,256,False,không tính,7.429150499945081,8.10066145007795,8.928732660062908,7.536249309998766,100,10,134.6048919062001,2.11.0+cu128,,
I04_res288,Tesla T4,amp,1,288,False,không tính,7.420324500003517,7.8901769999959015,8.242753850067862,7.526140320005652,100,10,134.76499578954076,2.11.0+cu128,,
I04_res320,Tesla T4,amp,1,320,False,không tính,7.4270260000162125,8.98487420003562,9.000945470083936,7.675706740008081,100,10,134.64339561997187,2.11.0+cu128,,
I06_soup3,Tesla T4,amp,1,224,False,không tính,7.784654999966278,8.297358650071374,9.082347929899022,7.831114049997723,100,10,128.45784431093372,2.11.0+cu128,,
I05_ensemble3,Tesla T4,amp,1,224,False,không tính,22.847783999964122,25.351795349985196,36.60029123007235,23.41272499000638,100,10,43.76792077523012,2.11.0+cu128,,
resnet50 chưa gộp BN,Tesla T4,fp32,1,224,False,không tính,5.676741000002039,8.382403599983945,8.39503765000245,5.899520709999706,100,10,176.1574114442848,2.11.0+cu128,,
resnet50 đã gộp BN,Tesla T4,fp32,1,224,True,không tính,4.701869999962582,4.851491099958594,5.176198210014038,4.717076779994613,100,10,212.6813374270148,2.11.0+cu128,,
