exp_id,seed,desc,best_epoch,val_macro_f1,delta_vs_T00_mean,val_top1,val_balanced_acc,val_ece,f1_chinee,f1_snake,f1_negative,train_time_per_epoch_s
T00,0,base,9,0.9635596306550251,-0.005270438306120284,0.9717223650385605,0.9667364547741027,0.01264974445964368,0.927927927927928,0.9268292682926828,0.9818081587651599,49.695347825686135
T00,1,base,12,0.9712374901821508,0.002407421221005346,0.9774350185661239,0.9772869538414954,0.011050720805271943,0.9569160997732427,0.9375,0.9850663716814159,47.56648794809977
T00,2,base,12,0.9716930860462606,0.0028630170851151604,0.9791488146243931,0.9730160913001227,0.009850826970988187,0.944954128440367,0.9326923076923077,0.9881770690129228,47.5529750585556
T01,0,frozen,12,0.8449658881500229,-0.12386418081112249,0.8768923164810054,0.8244692920730582,0.030763632414920524,0.809090909090909,0.7692307692307693,0.9106904825379899,17.459073662757874
T02,0,scratch,11,0.31810561215144123,-0.6507244568097041,0.5581262496429592,0.32736669413458425,0.031591678769783936,0.20270270270270271,0.3286713286713287,0.7226207556193208,48.11308000485102
T03,0,trivial,12,0.9741777980950395,0.00534772913389403,0.9797200799771494,0.9715809972364364,0.011255905921715957,0.959090909090909,0.9402985074626866,0.9863163656267104,47.66042238473892
T04,0,cutmix,9,0.9683182469728489,-0.0005118219882965791,0.9748643244787204,0.9737103722113866,0.010938292161221858,0.957683741648107,0.9249394673123487,0.9828634604754007,48.39421194791794
T05,0,dihedral,12,0.96973805271851,0.000907983757364561,0.9771493858897458,0.9716379920826648,0.008750570932138805,0.9454545454545454,0.943765281173594,0.9862410566868464,47.59157621860504
T06,0,ls01,12,0.9667836795311374,-0.002046389430008011,0.9745786918023421,0.967638083621618,0.08669965658246433,0.9191685912240185,0.9223300970873786,0.9840659340659341,47.99820349613825
T07,0,focal_g2,9,0.9669820445507001,-0.0018480244104452925,0.9745786918023421,0.967892526131357,0.041180048805071756,0.9227272727272727,0.923076923076923,0.9837867546029128,47.28323459625244
T08,0,cb_weighted,12,0.9660955879119341,-0.002734481049211368,0.9734361610968295,0.9754618408064487,0.010352390420603742,0.9461883408071748,0.9129411764705883,0.9827777777777779,47.66676036516825
T09,0,balanced,11,0.9709312899741346,0.0021012210129891518,0.9777206512425022,0.9761881467427417,0.010640844221763448,0.9530201342281879,0.9362745098039216,0.9861802100608071,47.428243478139244
T10,0,ema,9,0.96552076326228,-0.00330930569886545,0.9737217937732077,0.9617625348085007,0.010673792574685538,0.9280742459396751,0.919047619047619,0.9836065573770492,48.048789262771606
